{
    "san diego": {
        "camera_1": {
            "section_1": {
                "base_view_points": [
                    [
                        805,
                        450
                    ],
                    [
                        1129,
                        450
                    ],
                    [
                        1124,
                        655
                    ],
                    [
                        813,
                        652
                    ]
                ],
                "camera_view_points": [
                    [
                        336,
                        687
                    ],
                    [
                        503,
                        192
                    ],
                    [
                        865,
                        87
                    ],
                    [
                        1103,
                        638
                    ]
                ],
                "transformation_matrix": [
                    [
                        -9.393062796409806,
                        -11.505840892297867,
                        -3358.9905991403016
                    ],
                    [
                        -12.286774506317412,
                        -12.141372998231244,
                        4408.848954361945
                    ],
                    [
                        -0.011809371760929313,
                        -0.021753367359835216,
                        1.0
                    ]
                ]
            }
        },
        "camera_6": {
            "section_1": {
                "base_view_points": [
                    [
                        719,
                        68
                    ],
                    [
                        1115,
                        69
                    ],
                    [
                        1115,
                        272
                    ],
                    [
                        716,
                        277
                    ]
                ],
                "camera_view_points": [
                    [
                        505,
                        57
                    ],
                    [
                        666,
                        473
                    ],
                    [
                        16,
                        472
                    ],
                    [
                        210,
                        64
                    ]
                ],
                "transformation_matrix": [
                    [
                        0.23456065975248855,
                        5.840117327563358,
                        512.4156634553378
                    ],
                    [
                        -0.9025873390093958,
                        0.6406036506190769,
                        510.44014377857286
                    ],
                    [
                        0.0002121299167327322,
                        0.004092725573661873,
                        1.0
                    ]
                ]
            }
        },
        "camera_3": {
            "section_1": {
                "base_view_points": [
                    [
                        1026,
                        279
                    ],
                    [
                        1025,
                        450
                    ],
                    [
                        845,
                        449
                    ],
                    [
                        841,
                        275
                    ]
                ],
                "camera_view_points": [
                    [
                        329,
                        26
                    ],
                    [
                        865,
                        42
                    ],
                    [
                        926,
                        285
                    ],
                    [
                        116,
                        221
                    ]
                ],
                "transformation_matrix": [
                    [
                        0.2955349739308834,
                        1.5579002502469157,
                        1052.1533734321172
                    ],
                    [
                        0.48326177958283156,
                        1.2677204755987432,
                        131.61266300445064
                    ],
                    [
                        0.00024493005328477945,
                        0.003044409475007764,
                        1.0
                    ]
                ]
            }
        },
        "camera_2": {
            "section_1": {
                "base_view_points": [
                    [
                        365,
                        82
                    ],
                    [
                        565,
                        83
                    ],
                    [
                        563,
                        181
                    ],
                    [
                        364,
                        183
                    ]
                ],
                "camera_view_points": [
                    [
                        87,
                        477
                    ],
                    [
                        8,
                        280
                    ],
                    [
                        176,
                        231
                    ],
                    [
                        335,
                        384
                    ]
                ],
                "transformation_matrix": [
                    [
                        0.1493476725319667,
                        -2.318546155631604,
                        -532.3437279045487
                    ],
                    [
                        -1.2979923982133634,
                        -0.8948315982371775,
                        98.00431540571245
                    ],
                    [
                        -0.0016063402237487057,
                        -0.011147084806636547,
                        1.0
                    ]
                ]
            },
            "section_2": {
                "base_view_points": [
                    [
                        306,
                        190
                    ],
                    [
                        563,
                        190
                    ],
                    [
                        559,
                        361
                    ],
                    [
                        308,
                        359
                    ]
                ],
                "camera_view_points": [
                    [
                        495,
                        477
                    ],
                    [
                        187,
                        227
                    ],
                    [
                        392,
                        174
                    ],
                    [
                        827,
                        276
                    ]
                ],